epoch,train_total,train_ce,train_ce_weighted,train_lovasz,train_dice,train_dice_weighted,val_total,val_ce,val_ce_weighted,val_lovasz,val_dice,val_dice_weighted,val_miou,train_grad_norm_main,train_grad_norm_decoder,train_scaler_scale,train_conf_mean,val_conf_mean,train_valid_ratio,val_valid_ratio,train_pred_conf_mean,val_pred_conf_mean,train_pred_entropy,val_pred_entropy,train_logit_margin,val_logit_margin,train_inject_cos_sim,val_inject_cos_sim,train_inject_gate,val_inject_gate,train_inject_delta_norm,val_inject_delta_norm,train_head_delta_norm,val_head_delta_norm,train_inject_gate_s0,train_inject_gate_s1,train_inject_gate_s2,train_inject_gate_s3,val_inject_gate_s0,val_inject_gate_s1,val_inject_gate_s2,val_inject_gate_s3,train_inject_cos_s0,train_inject_cos_s1,train_inject_cos_s2,train_inject_cos_s3,val_inject_cos_s0,val_inject_cos_s1,val_inject_cos_s2,val_inject_cos_s3,val_iou_road,val_iou_sidewalk,val_iou_building,val_iou_wall,val_iou_fence,val_iou_pole,val_iou_light,val_iou_sign,val_iou_vegetation,val_iou_terrain,val_iou_sky,val_iou_person,val_iou_rider,val_iou_car,val_iou_truck,val_iou_bus,val_iou_train,val_iou_motorcycle,val_iou_bicycle
1,9.578729267418385,2.759930113404989,3.831368574202061,0.9291335726901889,0.9256665401160717,0.9868585518747568,8.51473927967654,1.9557716294462457,3.326316915122159,0.8787145287238906,0.9057010528195668,0.9833909370041833,0.09019844979047775,4.299221974313259,0.003608594179095235,2048.0,0.52236740230117,0.5671092276943142,0.7827542114257813,0.8036748576046798,0.22937594131566585,0.2809969606657921,0.8473157128691673,0.7816841040045169,0.09742896980140359,0.1335838912376042,0.9980020809173584,0.9799803241426721,0.05000000819563866,0.05000000819563866,0.006442809141934927,0.022942012503590806,4.181749390661716,4.203500098782807,0.05000000819563866,0.05000000819563866,0.05000000819563866,0.05000000819563866,0.05000000819563866,0.05000000819563866,0.05000000819563866,0.05000000819563866,0.9999659736081958,0.9921018692478537,0.9999483919888735,0.9999920888245106,0.9997305947865172,0.9209814701467899,0.9992189837500379,0.9999902478873436,0.5697829723358154,0.08192038536071777,0.33262577652931213,0.007206437177956104,3.572739296942018e-05,0.028240345418453217,0.0132589777931571,0.009357442148029804,0.1292800009250641,0.003960809204727411,0.488203227519989,0.023593928664922714,0.00018519003060646355,0.021539198234677315,0.0021954705007374287,0.000431884138379246,0.0018170701805502176,2.7463018341222778e-05,0.00010829860548255965
2,11.818653383255004,1.7141050260141493,5.010742793083191,0.845836646258831,0.8495584731549024,0.9513311541453003,15.527794288297004,1.809887506691693,6.8793436682283,0.8461457583410986,0.8049921607736297,0.922961199812114,0.07666361331939697,6.0226854661107065,0.06126255626324564,2048.0,0.52236740230117,0.5294953248293822,0.7827542114257813,0.7963031336591748,0.4922468570526689,0.6641575719041778,0.46623359179124235,0.2888007836388837,0.24312778003048152,0.43508037007207356,0.8957402577158063,0.868135814045744,0.05000000819563866,0.05000000819563866,0.09665174122840646,0.10206724198711235,3.9037844267487527,3.8242696975839547,0.05000000819563866,0.05000000819563866,0.05000000819563866,0.05000000819563866,0.05000000819563866,0.05000000819563866,0.05000000819563866,0.05000000819563866,0.9946943110227585,0.8299916411191225,0.7693177854269743,0.9889572932943702,0.9946441916115766,0.8328425176625182,0.6677632381763364,0.9772933087325448,0.019616641104221344,0.0018056933768093586,0.31555110216140747,0.0017888438887894154,0.0031793599482625723,0.02615617960691452,0.08367013186216354,0.08092853426933289,0.374542236328125,0.022981129586696625,0.47346144914627075,0.049017127603292465,0.00226721353828907,0.0005647873622365296,0.0002243634226033464,2.557450670792605e-06,8.410946611547843e-05,0.0007673065410926938,0.0
3,17.67088545203209,2.0325925355777144,7.964513146579265,0.8354819848760963,0.7747908398136496,0.9063771840557456,19.960143169158787,2.0488696408095617,9.119941704378927,0.8231988139634062,0.7526965633108111,0.8970609368949101,0.09389667212963104,15.69494558095932,0.11621468017809093,2048.0,0.52236740230117,0.5301388012327878,0.7827542114257813,0.8049484779094828,0.7291566992923617,0.7380509891827118,0.22683485387358815,0.19613171113755903,0.5286019189096988,0.513444803398231,0.8528524685744197,0.8421176628673018,0.05000000819563866,0.05000000819563866,0.12330512246920498,0.12024624534222098,3.8357165962457658,3.8193910509494726,0.05000000819563866,0.05000000819563866,0.05000000819563866,0.05000000819563866,0.05000000819563866,0.05000000819563866,0.05000000819563866,0.05000000819563866,0.992059382200241,0.8270095814019441,0.6421676132827997,0.9501732974126935,0.9925901198328422,0.8259068419193399,0.6328900033617254,0.9170836863552996,0.07017228752374649,0.001991960220038891,0.28039371967315674,0.01147508155554533,0.0021634865552186966,0.31758761405944824,0.039642084389925,0.06494440883398056,0.421460896730423,0.022180484607815742,0.4982264041900635,0.03546410799026489,0.0107219023630023,0.0020724947098642588,0.0005838351789861917,1.5924648323561996e-05,5.086772216600366e-05,0.004889314994215965,0.0
4,23.379792492985725,2.020259499102831,10.860354630053044,0.7847887387126684,0.7241030655056239,0.8742944916337728,27.135287383507038,1.8129443783918624,12.768650524721945,0.7330237725391764,0.7025883845214186,0.8649625700389223,0.15503038465976715,9.216133031845093,0.1845814840309322,2048.0,0.52236740230117,0.5675953171523334,0.7827542114257813,0.8004559296105296,0.7907752181589603,0.8588528727075736,0.15602402641437949,0.1189636522215869,0.607506850566715,0.736405396990001,0.852078998638317,0.8532736371890665,0.05000534068560228,0.04999861679971218,0.12170600052085391,0.09903356261234901,3.9210231530666353,4.020128049873954,0.04998680064454675,0.04997782403603196,0.04998320826329291,0.05007352979853749,0.04995245859026909,0.04994915798306465,0.04999929293990135,0.05009355768561363,0.9921042405441404,0.8529998580738902,0.6595539890602231,0.9036579068750143,0.9949698226498853,0.8634768191523152,0.674683318936766,0.8799645880172993,0.492940217256546,0.3876100480556488,0.029380254447460175,0.04430684447288513,0.04099094867706299,0.4150119721889496,0.01942230574786663,0.11720896512269974,0.4515543580055237,0.1949903964996338,0.6960480809211731,0.039225898683071136,0.014144271612167358,0.001649349695071578,4.85482050862629e-05,0.0,3.891197593475226e-06,0.001040908508002758,0.0
5,30.945161443948745,2.438341859942302,14.676717247962952,0.7344889481551945,0.6973500197008252,0.857238017693162,31.842459401473622,2.3326697709965587,15.153998264538243,0.6763567832009546,0.6832437849984381,0.8581060524938142,0.21029989421367645,5.566661878824234,0.19302148041315376,2053.12,0.52236740230117,0.510547414293577,0.7827542114257813,0.8064824747921798,0.893396796323359,0.9382216786516124,0.08887963210814633,0.05478155018825983,0.7988280994445085,0.8837270165605499,0.8744075450208038,0.8893154811462746,0.0499854221357964,0.04996307287365198,0.11741862607493016,0.11168951744327704,4.004053138196468,4.055930016663274,0.0499279139470309,0.04994445748627186,0.04999970338307321,0.05006961372680962,0.04987772926688194,0.049923304468393326,0.04999274015426636,0.0500585176050663,0.9927380404621363,0.8672753070294857,0.7207652174308896,0.9168516151607037,0.9935576009926538,0.8616767274628719,0.8209695435803512,0.8810580525492212,0.7904340624809265,0.5244702100753784,0.003316673217341304,0.11466049402952194,0.1790408343076706,0.5215707421302795,0.07570667564868927,0.31953129172325134,0.45364680886268616,0.09759996831417084,0.8421637415885925,0.0465443953871727,0.005855452734977007,0.015945076942443848,0.0012719165533781052,4.056091347592883e-05,5.7405784900765866e-05,0.003786387387663126,5.518743637367152e-05
6,6.51335875928402,0.8419587611407041,2.4685254188627006,0.6142216911353171,0.828256395868957,0.9620862247422337,5.639690946475626,0.6439002947560672,2.0700206962125054,0.5438183523310817,0.8005207749129516,0.9558312059036029,0.385748028755188,3.586485596895218,7.07442648768425,1031.68,0.52236740230117,0.555143452483445,0.7827542114257813,0.8103706848445197,0.5583023591339589,0.6166509159386452,0.5324915078724735,0.4895975500932468,0.43092163229361174,0.5123122978973859,0.8499143680371344,0.8364485486828047,0.04978086441522464,0.0497437072917819,0.1569969295510985,0.17679016485944873,4.21975189730525,4.209008164006501,0.0495746014919132,0.049754118118435144,0.04991739154793322,0.049877346502617,0.04942705109715462,0.04973536357283592,0.0499347522854805,0.04987766221165657,0.9869021164998412,0.8610025424137712,0.747049759849906,0.8047030533850194,0.9838499683758308,0.8537009285001332,0.7209570357952212,0.7872862620600338,0.93059903383255,0.733603835105896,0.8037095665931702,0.35329607129096985,0.13172338902950287,0.44185179471969604,0.16053526103496552,0.29915478825569153,0.834983229637146,0.35829874873161316,0.9624519348144531,0.39208874106407166,0.0016839690506458282,0.7053936123847961,0.023948639631271362,0.0019164931727573276,0.14466312527656555,0.0031361461151391268,0.046174027025699615
7,5.4076657220721245,0.5925312674418092,1.9611395184695721,0.5288751872256399,0.8093986097350716,0.9565115018561482,5.386092460801449,0.6302796249906418,1.9565114881017525,0.5215470802607794,0.7968314511728991,0.9515224229819669,0.44738712906837463,1.9712025000154971,4.502362878024578,1024.0,0.52236740230117,0.6026868076233441,0.7827542114257813,0.8014204654787561,0.6162409256771206,0.6059803774791398,0.4974755676276982,0.5083998410132131,0.5150229767896235,0.502589266728885,0.8352926248591394,0.8346620286479959,0.04976609879639,0.04976925905793905,0.19481206443989119,0.17126401004575753,4.168112576752901,4.177451159566494,0.049414615267887714,0.049755808617919686,0.0499820960033685,0.0499118752963841,0.04935295507311821,0.0497613288462162,0.05003683269023895,0.049925919622182846,0.980213929452002,0.8674142838269472,0.6981692787259817,0.7953730074316263,0.9848706990920851,0.874754957377617,0.6616927677481045,0.8173296903741771,0.9351377487182617,0.7621758580207825,0.8311811685562134,0.4929552972316742,0.3742508292198181,0.48415789008140564,0.17447161674499512,0.34496554732322693,0.8401094675064087,0.44498369097709656,0.9658777117729187,0.39254775643348694,0.001542433863505721,0.7641850709915161,0.16464221477508545,0.00567454332485795,0.3697424530982971,0.009325469844043255,0.1424284726381302
8,5.2091960027813915,0.545823628269136,1.8806214310228824,0.49703565940260885,0.8043192600831389,0.9509174855053425,5.285905917877047,0.5961441393996695,1.9184846117578704,0.5006997724765627,0.7977104245735507,0.9482369464019249,0.509263813495636,1.6964230574667454,4.17343074709177,1024.0,0.52236740230117,0.549255941797213,0.7827542114257813,0.8051475186653325,0.6300683829374611,0.6174012569371116,0.4872376224026084,0.5007251227283712,0.5338051208481193,0.5188173125383302,0.8320420092903078,0.8262824845945307,0.04981842624954879,0.04985417705029249,0.21103999557383518,0.17792999376902918,4.151066145896912,4.142914346286228,0.04940926137380302,0.04981383010745048,0.05008473034016788,0.049965883176773786,0.04940788820385933,0.049836255609989166,0.05014229193329811,0.05003027245402336,0.9766518483310938,0.8634478054940701,0.6796559743583203,0.8084124089777469,0.9836508640514806,0.8450000403549871,0.6714464069293637,0.8050326270422912,0.9394221901893616,0.7585864663124084,0.8463110327720642,0.4973413348197937,0.38541704416275024,0.5625939965248108,0.41644713282585144,0.44238996505737305,0.8555291891098022,0.4444299638271332,0.9681413173675537,0.45700904726982117,0.006679124664515257,0.812843918800354,0.4778948128223419,0.009314976632595062,0.523875892162323,0.01700025238096714,0.2547849714756012
9,5.069511543810368,0.5159088600613176,1.8263172585889698,0.4717340896092355,0.802289690747857,0.9451429361850023,5.166196607016578,0.5569439974471266,1.8722743133605995,0.48059548533021523,0.7965908300113208,0.9410524946715444,0.5270615816116333,1.4264689587056636,3.6781941896677015,1024.0,0.52236740230117,0.5581059766924147,0.7827542114257813,0.8120255493765394,0.6410882148146629,0.6411304251460607,0.4797077094577253,0.480789478262657,0.5503041314519942,0.5518384224235131,0.8302402746491134,0.8294716288743935,0.049915421814657746,0.04996082745492458,0.21455311388248016,0.22603169766226053,4.134853623509407,4.144764544341364,0.04951593994162977,0.04987386828288436,0.05022889402695,0.05004298500716686,0.04957938566803932,0.04988521710038185,0.05030393600463867,0.05007477104663849,0.9760222667083144,0.8534968680143357,0.6726031838357449,0.8188387800380588,0.9736727583290908,0.884079103692999,0.645923644451085,0.8142110090243992,0.9469278454780579,0.7734516859054565,0.8489875197410583,0.5408102869987488,0.4077063202857971,0.5447276830673218,0.5111878514289856,0.4487663209438324,0.8734372854232788,0.451962947845459,0.9711377620697021,0.5021312236785889,0.004817697685211897,0.8257019519805908,0.5247746706008911,0.02882988192141056,0.5231925845146179,0.04340485483407974,0.24221205711364746
10,4.976770657598973,0.49604017214849594,1.7903920374065638,0.4557487622369081,0.8031824887543917,0.9402378204092383,5.089922997751847,0.5404550922768456,1.84401867483637,0.46542632748634355,0.7933758870134213,0.9364593169959308,0.557157039642334,1.3651189449429513,3.6449498078227043,1024.0,0.52236740230117,0.5890139418429342,0.7827542114257813,0.8174808295489532,0.6503171788528561,0.6510494048959516,0.4738778332993388,0.47280711787087576,0.5637169659696519,0.5654790240702371,0.8279663706663996,0.8288244765820761,0.05004250277299434,0.050091322511434555,0.22041958418937121,0.21138963787553194,4.113953817486763,4.103724898375901,0.049684335626661774,0.0499803402274847,0.050375784058123825,0.05012955117970705,0.04974588379263878,0.050017960369586945,0.05042340233922005,0.05017804354429245,0.9747694405168295,0.8497592131048441,0.6596030901744961,0.8277337388694286,0.9769635938952121,0.832402300218056,0.6746819834110185,0.831250028804018,0.9536552429199219,0.8055416345596313,0.8639569878578186,0.5178434252738953,0.4572347402572632,0.5708928108215332,0.5588999390602112,0.5639967918395996,0.8659551739692688,0.523248016834259,0.970093846321106,0.4984959661960602,0.0037865929771214724,0.8501598834991455,0.5171031355857849,0.11184205859899521,0.6002049446105957,0.04179616644978523,0.31127673387527466
11,4.888704941868782,0.47673199702054264,1.7574042178317903,0.44003603391349316,0.8078024489432574,0.9338604746386409,5.058608048067891,0.5474644459673924,1.8315519611236497,0.46292079632799027,0.8141858485238306,0.9325833260425793,0.5497749447822571,1.2367584768682718,3.4173232524096964,2040.32,0.52236740230117,0.5450493546175252,0.7827542114257813,0.8166576066040641,0.6618289332091808,0.6464477869971045,0.4654340401105583,0.48403306261365636,0.5785904984362423,0.5602055454782664,0.8276209079753607,0.8352474903898873,0.05017513484926894,0.05023571942001581,0.230804517434914,0.21994152735228273,4.097097550332546,4.102200207451881,0.04991210363805294,0.050078867319971326,0.05049066036939621,0.0502189080696553,0.050007134675979614,0.050131477415561676,0.05054071545600891,0.050263550132513046,0.972326860204339,0.8534256118908524,0.6549693672731519,0.8297617925330997,0.9749385858404225,0.8549767712066914,0.6736940935327502,0.8373805109796852,0.9533348679542542,0.8025756478309631,0.8642017841339111,0.5597605109214783,0.45362210273742676,0.5968205332756042,0.6043103933334351,0.5789034962654114,0.8776023387908936,0.47363951802253723,0.9723430871963501,0.562217652797699,0.025629950687289238,0.8607733249664307,0.4203053414821625,0.007656041067093611,0.47439253330230713,0.05250883102416992,0.30512577295303345
12,4.813989904820919,0.46226402470842004,1.7294848051294684,0.428217293638736,0.8139112836867571,0.9268029974028468,5.028007877284083,0.5247908944420039,1.8240248993993393,0.453692117935331,0.8196132218309224,0.9262659596692165,0.5732887387275696,1.091685638129711,3.177077776491642,2048.0,0.52236740230117,0.5675687703299405,0.7827542114257813,0.8050705482219828,0.6694799493253231,0.6678862470417775,0.4597781710699201,0.46160705850042144,0.58780596293509,0.5847132934872152,0.8259113181009888,0.8204606841570639,0.05034439126262441,0.050407071597874165,0.23920415295297381,0.24791607845355282,4.084316325187683,4.100060139970826,0.050179238375276325,0.050242648255079986,0.05062867504544556,0.050327003374695777,0.05032472312450409,0.05030415952205658,0.050652630627155304,0.050346773117780685,0.9702935109660029,0.8514989186450839,0.6454415620490909,0.8364112807437778,0.9681704822432231,0.8312698082970869,0.6556684142850303,0.826734031802915,0.9529955983161926,0.7864871025085449,0.855095624923706,0.5622590780258179,0.46655580401420593,0.5716312527656555,0.600704550743103,0.5815898776054382,0.8822991251945496,0.495747834444046,0.9690322875976562,0.5469676852226257,0.011309170164167881,0.8565225601196289,0.5601913928985596,0.11292444169521332,0.5793355703353882,0.06686889380216599,0.4339677095413208
13,4.766676964312792,0.4525588734820485,1.7136862236633896,0.41997677763924,0.8207011555880308,0.9193277427926659,5.006085192041444,0.5185036317908706,1.8187942457903783,0.4482023343076847,0.8274829784050364,0.9202943773105227,0.5796324014663696,1.0470195876061916,3.121786824464798,2048.0,0.52236740230117,0.5836608443280746,0.7827542114257813,0.8095017606988916,0.6741596593335271,0.66855448146759,0.456351325660944,0.4631357184918643,0.5935199946537614,0.585144746406325,0.8246951653016731,0.8152051900187737,0.05050388452131301,0.0505877835676074,0.24248266438236793,0.2493094681301767,4.078011710047722,4.081830164481854,0.050449465727433564,0.050418479414656756,0.050737000638619065,0.05041059230454266,0.05058525502681732,0.050497233867645264,0.05081034079194069,0.05045830458402634,0.969319868646562,0.8528884499147534,0.6441379397921264,0.8324344028532505,0.9679034054279327,0.8367302988843964,0.6283783649869741,0.8278086907757914,0.9545755386352539,0.8110846877098083,0.8663263320922852,0.556455135345459,0.45331740379333496,0.5996496677398682,0.5980932116508484,0.5944349765777588,0.8845240473747253,0.5233882069587708,0.9687525033950806,0.5819060206413269,0.0613066591322422,0.8630014657974243,0.6182836890220642,0.06407364457845688,0.5718710422515869,0.10912526398897171,0.3328465223312378
14,4.726628969162703,0.44674465626478194,1.7009421034157277,0.4127911530993879,0.8248577280715108,0.9119536053016781,4.962292741672159,0.5188026935449375,1.8034455573617532,0.4415574410352214,0.8337073676985473,0.9138441985757481,0.5830366015434265,1.0007073516398668,3.1730998757481577,2048.0,0.52236740230117,0.5142318963857707,0.7827542114257813,0.8115360654633621,0.6784311578050256,0.6705774048279072,0.4532261398807168,0.4609042718052277,0.5989134250767529,0.5879396875503615,0.823727494738996,0.817108646402218,0.05064828809117898,0.050722106359899044,0.24414113012079205,0.23499250400473215,4.067334545999765,4.068225962775094,0.050642037792131306,0.050609494326636195,0.050843443041667345,0.05049817720428109,0.05070142820477486,0.050713956356048584,0.05091407150030136,0.050558969378471375,0.9688631094247103,0.8478576737642288,0.642784833908081,0.8354043618589639,0.9714275495759372,0.8459119513410652,0.6251549325846686,0.8259401521072012,0.9543780088424683,0.8058812022209167,0.8699837923049927,0.5530604720115662,0.4446239769458771,0.6001437306404114,0.5914625525474548,0.6032942533493042,0.8901717066764832,0.5069188475608826,0.9723400473594666,0.5909509062767029,0.04569060355424881,0.8651218414306641,0.5930641889572144,0.12542669475078583,0.6134042143821716,0.10145867615938187,0.35031968355178833
15,4.678422106355429,0.4381017569638789,1.6852241852506995,0.40307145916856824,0.8247929039224983,0.9049022789672017,4.959744071725554,0.5013412994704223,1.8075945662160224,0.43640993796105454,0.8377995662794911,0.9081450026904421,0.5843005180358887,0.9155710108578206,2.977884258329868,2048.0,0.52236740230117,0.5484804772758132,0.7827542114257813,0.8044668113069581,0.6821842793002725,0.6842715440712539,0.44996437592431904,0.4460151609528828,0.603450128249824,0.605176016394728,0.8212851773481816,0.8133229802321331,0.0508254549629055,0.05092004872858524,0.2568030239881609,0.2522640285617483,4.05724897429347,4.058051436992701,0.05087807731702924,0.050845460863783956,0.05097180505283177,0.05060647661797702,0.051007214933633804,0.05096147954463959,0.05106450989842415,0.05064699053764343,0.9658249901607633,0.8449628409743309,0.6408790407702327,0.8334738374873996,0.9670694653917415,0.8336161755282303,0.6259376720841883,0.8266686079243721,0.9508679509162903,0.7994369864463806,0.8741517663002014,0.5777080059051514,0.46924030780792236,0.5965934991836548,0.6247243285179138,0.6327090263366699,0.8903123140335083,0.5306636691093445,0.9730510711669922,0.5882954597473145,0.07255424559116364,0.8670671582221985,0.5349645018577576,0.08749405294656754,0.512139618396759,0.1232592761516571,0.39647501707077026
16,4.642940402179956,0.43069435223937036,1.6732958123460413,0.3966761714499444,0.8242589544504881,0.8996726120263339,4.897608159210882,0.5150687603527689,1.77881221891624,0.4357689141933554,0.8306967196206154,0.9042148065978083,0.6085355281829834,0.8539041268080473,2.8457364445924758,4080.64,0.52236740230117,0.5267819074978088,0.7827542114257813,0.8072203086514779,0.6863426796719432,0.6732949458906803,0.4465953718870878,0.4605687578470249,0.6088697604462504,0.5920409645353045,0.8176512363646179,0.8151782253399271,0.051019905330613256,0.051127160899341106,0.26235437373439585,0.2810872916211556,4.043721903413534,4.040973084313529,0.05116219137795269,0.051099149100482466,0.05113012582063675,0.050688155023381115,0.051351409405469894,0.05121154710650444,0.05120432376861572,0.05074136331677437,0.9642812444269657,0.8425574898347259,0.6326292581483721,0.8311369530484081,0.9590983542021859,0.8415885015661493,0.6253226387676935,0.8347034068236797,0.951651930809021,0.8032245635986328,0.875044584274292,0.5934056639671326,0.49593204259872437,0.610905647277832,0.6615360975265503,0.6194576025009155,0.8889005184173584,0.5377757549285889,0.9718978404998779,0.5756458640098572,0.033974457532167435,0.8721693754196167,0.6099770665168762,0.3213961720466614,0.6618116497993469,0.17634429037570953,0.30112382769584656
17,4.608397070616483,0.42479650376364586,1.6613213884085416,0.39125185071490703,0.8221426858007908,0.8945024437084794,4.918361523468506,0.4969598552569967,1.7959679644096074,0.42693947637316043,0.8271446263261617,0.8994861236346766,0.6057388186454773,0.7842145375907421,2.6676621152460576,4096.0,0.52236740230117,0.5719863522816174,0.7827542114257813,0.8096713362068966,0.6889243622124195,0.6884836391568772,0.4444199690595269,0.44296091376560665,0.612132116779685,0.6094774001190815,0.8166535450424999,0.8172318550386453,0.051213877834379674,0.05130781885236502,0.26826893832539533,0.2744187981499612,4.033531325459481,4.029465636596304,0.05146376108750701,0.0513218299485743,0.051271090023219584,0.05079883027821779,0.051613643765449524,0.05144840106368065,0.05133095756173134,0.050838273018598557,0.962706008180976,0.8424818747863173,0.6353742227703333,0.826052074432373,0.9611062021384685,0.848375694945528,0.6424172391445179,0.8170282839260665,0.9582396745681763,0.8131687641143799,0.873633623123169,0.5891836285591125,0.4807051718235016,0.6106619834899902,0.6820511221885681,0.6098324656486511,0.8900107741355896,0.5093246102333069,0.9746313691139221,0.6109850406646729,0.048182740807533264,0.8662927150726318,0.5926674008369446,0.21675314009189606,0.626891016960144,0.16991838812828064,0.38590532541275024
18,4.579649416655302,0.41883803927339613,1.652061471492052,0.384892155546695,0.8182028079405427,0.890634317472577,4.876472286402886,0.4881417325564793,1.776258564054085,0.42623826186057967,0.8312304369334517,0.8977168964341357,0.622065007686615,0.738461138419807,2.54208587795496,4096.0,0.52236740230117,0.5567043796915726,0.7827542114257813,0.8145385140855911,0.691867397017777,0.6889026167944734,0.44193149616941807,0.44343370067074966,0.6159088246710599,0.61030142222132,0.8138097180146724,0.8127439276044592,0.05142248117830604,0.05152429826557636,0.2695665303774863,0.2691731592413434,4.018773270994425,4.019772041020135,0.05176427186466753,0.05160173129290342,0.05139589218422771,0.05092802937142551,0.05188717320561409,0.051737282425165176,0.05145977437496185,0.05101296305656433,0.9623561729863286,0.8448393946513534,0.6276374914124608,0.8204058130085469,0.9625138155932497,0.8517836028425564,0.6192217385533996,0.8174565534286311,0.9575673937797546,0.8197670578956604,0.879098117351532,0.6231174468994141,0.4816466271877289,0.6059490442276001,0.6433737277984619,0.6117175221443176,0.8890628814697266,0.5476731657981873,0.9752576351165771,0.5982668399810791,0.07897648960351944,0.8813972473144531,0.6702629327774048,0.29064229130744934,0.6528800129890442,0.21720002591609955,0.39537787437438965
19,4.557900635302067,0.4146848994679749,1.6453269476443528,0.38017788317054513,0.8161600045114755,0.8870688537508249,4.877174311083526,0.5075861855680719,1.7789565612529885,0.4252556966149748,0.822937109200238,0.8940054784561026,0.6088851690292358,0.7248863616585731,2.4945327693223955,2237.44,0.52236740230117,0.5437719028791771,0.7827542114257813,0.8037915159328818,0.6934094048663973,0.6837236509828145,0.4404567404463887,0.44848517809301763,0.6177764682285488,0.6050623565765437,0.8118273587711156,0.8186282248699607,0.05163940291153267,0.051738292910158634,0.27195874677821463,0.2743445822135983,4.007808532118798,4.0037756142357885,0.05207092237658799,0.05189363183453679,0.05153705605305731,0.05105600138194859,0.05226719751954079,0.05199258029460907,0.05158406123518944,0.05110933259129524,0.9616940844804048,0.8420684349536895,0.626041437573731,0.8175054780766368,0.9610444123815434,0.8527562004592031,0.6306362874402202,0.830075999198876,0.9588446617126465,0.8250318765640259,0.8848450183868408,0.6100990176200867,0.4834388196468353,0.5941889882087708,0.6396321058273315,0.6286568641662598,0.8878052234649658,0.5279862880706787,0.9759246706962585,0.6111740469932556,0.05926886945962906,0.8743574023246765,0.6604830622673035,0.18050965666770935,0.620753288269043,0.1368320882320404,0.40898481011390686
20,4.533286241590977,0.4103245405294001,1.6375609654560686,0.37456914719194173,0.8142386501282454,0.8835951710119844,4.878560757402129,0.5037793249919497,1.7790290540075067,0.4276787682340063,0.8246110840677627,0.8928238944760685,0.6137499213218689,0.6933280098065734,2.3649764351546763,2048.0,0.52236740230117,0.5439486757214433,0.7827542114257813,0.8041469029017857,0.6961092680692673,0.6899308318575027,0.43810969855636356,0.44221377681041585,0.6211538655310869,0.6119434905463251,0.8110409880662337,0.8141923201788822,0.051858211371582,0.05194931384176016,0.27779081719259624,0.32228368616544917,4.000935968458652,3.991233956637641,0.0524409559275955,0.05214887005276978,0.05167147111147642,0.05117154839448631,0.052602577954530716,0.05228050425648689,0.05172596126794815,0.051188211888074875,0.9599920903146267,0.8427008762583137,0.6256907335855066,0.8157802521064877,0.9465589087291304,0.8566408289477155,0.635591601062878,0.817977941975805,0.9550336599349976,0.8027751445770264,0.8711844682693481,0.5904458165168762,0.46236082911491394,0.6049593687057495,0.6820808053016663,0.614948570728302,0.8915395736694336,0.5396382212638855,0.9753735661506653,0.5984546542167664,0.09473291039466858,0.8842894434928894,0.6697520613670349,0.28113579750061035,0.603560745716095,0.19980275630950928,0.3391791582107544
21,4.513104008436203,0.4068397778365761,1.6313393150642514,0.3694408349320292,0.8122434652596712,0.8809845486283302,4.882583694504987,0.5071191104321644,1.7830756291967307,0.42472548981018254,0.8256380063266002,0.8917069460077239,0.6309280395507812,0.6618627919256688,2.2667428034543993,2048.0,0.52236740230117,0.560693472917444,0.7827542114257813,0.809810845135468,0.6982620380073786,0.6866987581029901,0.4362184419669211,0.4479526272548243,0.6239282900467515,0.6071078692163739,0.8097985681146384,0.8057931050511417,0.05207151488168165,0.05218461807817221,0.2813779949615441,0.2938732040802761,3.988968849927187,3.9885122494157312,0.0527494221739471,0.05244991300627589,0.051810379466041924,0.05127634488046169,0.052912142127752304,0.0526060126721859,0.05188685655593872,0.051333460956811905,0.959015700854361,0.8443702898919583,0.6273363912478089,0.8084718904644251,0.955393654225495,0.8436032532177535,0.6131167847828325,0.8110587279784855,0.9518723487854004,0.7990089654922485,0.881462574005127,0.6117485761642456,0.49325311183929443,0.6169289350509644,0.641731321811676,0.6325803995132446,0.8927789926528931,0.5476136803627014,0.9746174812316895,0.642884373664856,0.15454241633415222,0.8818405270576477,0.6337986588478088,0.39750516414642334,0.629664421081543,0.23961661756038666,0.36418405175209045
22,4.492077620327473,0.4025346908252686,1.6242985727265478,0.3649740163423121,0.8099939057976008,0.8785064591094851,4.849425746889537,0.49661533828145765,1.770774805487083,0.41827736684841477,0.8228764296165241,0.8895987759670013,0.6326407790184021,0.6263059243932366,2.1469346152246,2048.0,0.52236740230117,0.5500131548368579,0.7827542114257813,0.8118722098214286,0.7002519454434514,0.6922971562211737,0.4344466850347817,0.4421935673124097,0.6265453810803592,0.6152411028375766,0.8088126950804144,0.8033319982181629,0.052306003221310675,0.05243158899247646,0.2871985720321157,0.27139477233279197,3.9795965392887593,3.9742063777200105,0.05312792914919555,0.05275523134507239,0.05193309558555484,0.051407756805419924,0.05327639728784561,0.05293801426887512,0.052020683884620667,0.05149126052856445,0.9573569642752409,0.8436123581975699,0.6264893724024296,0.8077920854464173,0.9618425307602718,0.8480077443158098,0.6095734574818259,0.7939042603147441,0.9569635391235352,0.8144019246101379,0.8844761848449707,0.6128095388412476,0.4939709007740021,0.6163447499275208,0.6770407557487488,0.6335548162460327,0.8908478617668152,0.5344247817993164,0.9761252403259277,0.6297473311424255,0.09922223538160324,0.8763474225997925,0.7209515571594238,0.34563711285591125,0.6480546593666077,0.1793174147605896,0.42993736267089844
23,4.474922329485416,0.39996386458165945,1.6189480466395616,0.3609013207536191,0.8076638970524073,0.8761249156668782,4.869538737048069,0.4953333474145147,1.7763644340883922,0.4258960130546481,0.8287657481696218,0.890913851742674,0.6158393621444702,0.5833398161455989,2.0384529146552084,2048.0,0.52236740230117,0.5650257350408973,0.7827542114257813,0.8044078808112685,0.7017561761289834,0.6958386830508415,0.43287603452801704,0.4380011198115466,0.6283802870847285,0.6195215799391564,0.8069621460512281,0.8049224480399357,0.052539220941253004,0.05265187565237284,0.29176857372065135,0.3138487913141844,3.970857845842838,3.965411355930009,0.053492790460586546,0.05309310749173164,0.05205556184053421,0.05151542397215962,0.05367818474769592,0.05326107516884804,0.05210702121257782,0.05156122148036957,0.9560042503848671,0.8392911568656564,0.6262607583403588,0.8062924186140299,0.9492096351872524,0.8374074299640843,0.6189878566805365,0.8140848703278697,0.9557386636734009,0.8099958300590515,0.8827835917472839,0.6091529130935669,0.512782871723175,0.6181488633155823,0.6817662119865417,0.624220073223114,0.8956199884414673,0.5488423109054565,0.9751120805740356,0.6570093035697937,0.14458802342414856,0.8739205002784729,0.6397800445556641,0.20179221034049988,0.5690985918045044,0.21048448979854584,0.2901112139225006
24,4.458790585100651,0.39729958183132114,1.6143119155988097,0.35629695407114925,0.8065002931281924,0.8738697982951998,4.8561609073225505,0.4980284929128703,1.7726005604995296,0.4226593133337392,0.8254016325097954,0.88830047420093,0.6304861903190613,0.5540788984671235,1.9649584005773066,3906.56,0.52236740230117,0.5542304804686256,0.7827542114257813,0.7984101995458743,0.7034440695866943,0.6909328194087362,0.43135741429403424,0.44422556313094247,0.6305982065200806,0.6145171969394966,0.8051232974790037,0.8067249637372388,0.052755703914444896,0.052879028022289276,0.2952172589939174,0.2998855223021981,3.963625678122044,3.9617796496217474,0.05380099389702082,0.05341022769920528,0.05217409500852227,0.05163749905303121,0.053989700973033905,0.05355626717209816,0.05223994329571724,0.0517302006483078,0.9549002634733915,0.8390023356676102,0.6224618221819401,0.8041287685930729,0.953528383682514,0.8453924372572029,0.6279762673554162,0.800002766653822,0.9599241018295288,0.8210203051567078,0.8812888264656067,0.62632155418396,0.49544358253479004,0.6093380451202393,0.6675074696540833,0.6224791407585144,0.8974031805992126,0.5433333516120911,0.9761767983436584,0.629496693611145,0.07187925279140472,0.881050705909729,0.5971104502677917,0.36331841349601746,0.7138128280639648,0.2224976271390915,0.39983466267585754
25,4.444438788294792,0.3951498559582978,1.6097214989364148,0.35290280188433826,0.804919626750052,0.8720929938182235,4.849154798855335,0.5018471044859862,1.7730148039721503,0.41780001853633986,0.8175352557832971,0.8853251798986801,0.6314873695373535,0.5329312123730778,1.8396275644004345,4096.0,0.52236740230117,0.5659872080415047,0.7827542114257813,0.804997185768165,0.703912659958005,0.6951116665537134,0.43115023579448464,0.4381151806397978,0.6311535987816751,0.618639722686683,0.8046007607877255,0.8020858196495789,0.05299156075110659,0.053086490370333195,0.2968521204470471,0.29404125833441874,3.9568428526818753,3.9492766927615763,0.05416307575069368,0.053716318299993876,0.05232338494621217,0.051763464007526634,0.0543118491768837,0.05384891852736473,0.05239790678024292,0.05178728699684143,0.9544111980497837,0.8379285874217749,0.6246206866949797,0.8014425709843636,0.9552426445366714,0.8353473464843675,0.6159063730333826,0.8018469145438941,0.9557786583900452,0.8151881694793701,0.8867881298065186,0.5790159106254578,0.47536197304725647,0.6233420968055725,0.6775547862052917,0.6468106508255005,0.8932145237922668,0.5384906530380249,0.9762625694274902,0.6362255811691284,0.11436262726783752,0.8745640516281128,0.6810601949691772,0.3834694027900696,0.6827748417854309,0.18626368045806885,0.371732622385025
26,4.428562251925468,0.39155532943084836,1.6047540095821022,0.34901509759016336,0.802288595661521,0.8700391383469105,4.909139409441079,0.5059617135325088,1.7996153869652396,0.422368734781378,0.8247168849548095,0.8875399008760312,0.6207014918327332,0.5185407663509249,1.7674390801787376,4096.0,0.52236740230117,0.503346912250877,0.7827542114257813,0.7927029614378078,0.7061309721693396,0.6969155769042781,0.42881861777976155,0.43790830613063475,0.6339068917185068,0.621458786975574,0.8029371738433838,0.8002487022815079,0.0532004515780136,0.053318834863603115,0.3049329094604485,0.304323500590323,3.948635647445917,3.943854712500361,0.05448098209686578,0.0540064824745059,0.05246020232327282,0.0518541394174099,0.05465644225478172,0.054160986095666885,0.05253593623638153,0.05192197486758232,0.9519747643917799,0.8377713904157281,0.6233235224708915,0.7986790180951356,0.9521009414066822,0.8400630152284219,0.6088028962682621,0.8000279562226658,0.954818606376648,0.8116523027420044,0.8785276412963867,0.601840078830719,0.486844003200531,0.6180706024169922,0.7045885920524597,0.6477411389350891,0.8933609127998352,0.5457245111465454,0.9757559895515442,0.6315996050834656,0.13364751636981964,0.8768268823623657,0.48540011048316956,0.36330336332321167,0.5897749662399292,0.24503077566623688,0.3488208055496216
27,4.41635959520936,0.3896215259842575,1.6013409157842398,0.3454118873924017,0.8004886481165886,0.8682658724114298,4.881001362659661,0.5057512151783911,1.7880760124457882,0.41888241315710134,0.8219253595533043,0.885966925051412,0.6249025464057922,0.487676820717752,1.7141105344891547,4096.0,0.52236740230117,0.5605738936680291,0.7827542114257813,0.8074999278402094,0.7068469915539026,0.6944275994606206,0.42817230595275757,0.44263922081792295,0.6348644447512924,0.6212365649310239,0.8012039537122473,0.7982171977608662,0.05342198475729674,0.053524075075984,0.3028012821699518,0.31790295514358247,3.943729286491871,3.9366652155157382,0.05478628667071462,0.05432007440365851,0.05260469555854797,0.05197688239626586,0.05494432523846626,0.05447640269994736,0.05265360698103905,0.05202196538448334,0.9526118690893054,0.8369431210681796,0.6199895198456943,0.79527130484581,0.9478555239480118,0.8431046213128884,0.6083237246926783,0.7935849210898864,0.9556220173835754,0.8109055161476135,0.8782283663749695,0.6035394668579102,0.4934479594230652,0.6149124503135681,0.7037979960441589,0.640049397945404,0.8946627378463745,0.553941011428833,0.9762284159660339,0.6285157203674316,0.1611948013305664,0.8730795979499817,0.6165723204612732,0.205898717045784,0.6090604066848755,0.26614367961883545,0.3873465061187744
28,4.401529732495546,0.386770167928189,1.5970254710689187,0.3412133000791073,0.7988174327835441,0.866265488229692,4.899229675090959,0.5105922989950978,1.7954974691268846,0.42323846674611415,0.8219348287641122,0.8849962823496663,0.6157417297363281,0.47406353149563074,1.6218100698292255,4096.0,0.52236740230117,0.5258092678202491,0.7827542114257813,0.8020644916102216,0.7080327255278825,0.6920155573067407,0.42710859786719085,0.444442831970788,0.6364249874837696,0.6165594996636724,0.7994638281315565,0.8003810694432024,0.053643587443511935,0.05376086384057999,0.3109235836706229,0.30349828841436266,3.937334381788969,3.9318715956410752,0.05511609565466642,0.05464492347091436,0.05271140958182514,0.052101921066641806,0.05526889115571976,0.05481966212391853,0.052790217101573944,0.05216468498110771,0.9500391444191336,0.8353683115169406,0.621379693634808,0.7910681629553438,0.9523357778347185,0.8378648225016194,0.617807822568076,0.7935158548683956,0.9527358412742615,0.8057200908660889,0.879591703414917,0.6036322712898254,0.48519498109817505,0.6077302098274231,0.6756587624549866,0.6434313058853149,0.8978597521781921,0.5492118000984192,0.9770697355270386,0.6355321407318115,0.07180169224739075,0.8850955367088318,0.4980201721191406,0.19908304512500763,0.600745677947998,0.3244060277938843,0.40657249093055725
29,4.388493758291006,0.38449010202661155,1.5934193199127913,0.3370695649739355,0.7969924552738666,0.8645855567976832,4.886806885597154,0.508772450714863,1.7910747045073017,0.4202348143596367,0.8215573391890878,0.8844226604612003,0.6260417103767395,0.44775617759674785,1.5575608399510383,7813.12,0.52236740230117,0.5599345428859953,0.7827542114257813,0.807063361106835,0.7092807210981846,0.6968823254402048,0.4259323464147747,0.43839601225453645,0.6379751897603273,0.6205732277755079,0.7993030980089679,0.79870557906152,0.05386594922980294,0.05395436845719814,0.3110700805307382,0.2953176432476563,3.934213942885399,3.929070606607522,0.055424915328621864,0.0549687572568655,0.052853193012997506,0.05221693132072687,0.055546071380376816,0.0550953634083271,0.052900150418281555,0.0522758886218071,0.9500183033570647,0.8352601486817002,0.62238873263821,0.7895452073588968,0.9548445448205976,0.8356199919296603,0.6230619883008779,0.781295791194944,0.9572349190711975,0.8180740475654602,0.8807644248008728,0.5960495471954346,0.46143701672554016,0.6043438911437988,0.7082931995391846,0.6515882611274719,0.8967194557189941,0.5539638996124268,0.9769335985183716,0.6198669672012329,0.08161664009094238,0.8833795785903931,0.5632036924362183,0.2678012251853943,0.6223708987236023,0.3206734359264374,0.4304775893688202
30,4.378840300291777,0.382927165068686,1.5908094987645744,0.3342316353227943,0.7954817802086472,0.8629896707832814,4.876344389516144,0.5051311584088602,1.7864673443028491,0.41899368064156894,0.8243175347156713,0.8844160116071185,0.635211706161499,0.434037908539176,1.452158356308937,8192.0,0.52236740230117,0.497940865349887,0.7827542114257813,0.8130381917718597,0.7100930098816752,0.6946145023031188,0.4250949937850237,0.4405230707282503,0.6390010933950543,0.6177248526089297,0.7974190151505173,0.7965930653139582,0.054068665199447426,0.05418189335614443,0.3123661214702588,0.3186334402596037,3.9305222325026987,3.932568706902377,0.05572121282108128,0.05525706781074405,0.052971610752865675,0.052324769413098694,0.05590939149260521,0.05540874972939491,0.053018826991319656,0.052390605211257935,0.9495536300539971,0.8331402542069555,0.6214146840572358,0.7855674922838807,0.9475032695995763,0.8452521446596812,0.6178027468508688,0.7758141001457064,0.9545918107032776,0.8128342032432556,0.8834590911865234,0.6121684908866882,0.4912062883377075,0.6227185726165771,0.7000125646591187,0.6451555490493774,0.8969049453735352,0.5525604486465454,0.9772347211837769,0.628860354423523,0.14825007319450378,0.8863840103149414,0.5780380964279175,0.3234717845916748,0.6157416701316833,0.3303912281990051,0.40903836488723755
31,4.367259311228991,0.38139803661964833,1.5875422168150544,0.3308429725188762,0.7933806907385588,0.8613319072872401,4.902104959112083,0.5115751115412548,1.7995106636597018,0.4195498263307393,0.8226006445039082,0.8835338089853672,0.6210019588470459,0.40959851451218127,1.4394031922519206,8192.0,0.52236740230117,0.5603735975811047,0.7827542114257813,0.8094308035714286,0.7106709410995244,0.6972050220508293,0.4245367028750479,0.43725997260932264,0.6397365838289261,0.6218730986411936,0.796992947962135,0.7984427723281196,0.05428868695627898,0.05438298173248768,0.3184210612335998,0.31685399046716534,3.9267543648183345,3.9171123733661446,0.056066995123401284,0.055563021916896105,0.05308749348856509,0.05243723729625344,0.056186478585004807,0.055703580379486084,0.05314845219254494,0.052493415772914886,0.9476212456449866,0.8328139068558812,0.6209319112822413,0.7866047280654311,0.9481442244769317,0.8341206643968967,0.621549949783997,0.7899562506546528,0.954691469669342,0.8107188940048218,0.8783977627754211,0.5754220485687256,0.4721654951572418,0.61677485704422,0.6895478963851929,0.6300114989280701,0.8955473303794861,0.5382218956947327,0.9765438437461853,0.6398695707321167,0.15085837244987488,0.8852073550224304,0.54961758852005,0.2112395167350769,0.5772411227226257,0.35781556367874146,0.389146089553833
32,4.3575287128984925,0.3795462209172547,1.584768393561244,0.3280341718811542,0.7924617067351938,0.8599577505886554,4.8959831950699755,0.5156469148368084,1.7978769772745706,0.4182853535771957,0.8201434926446436,0.8819438889989712,0.6170655488967896,0.40009423688054085,1.3410062947869301,8192.0,0.52236740230117,0.5498657480175859,0.7827542114257813,0.8130490157404556,0.7117949829250574,0.6949737475717009,0.4233907840587199,0.4405248684836139,0.6411074006184936,0.6195172619056232,0.7956713122921064,0.7986163823255177,0.05447586920810863,0.05456123407930136,0.32020273302487623,0.3207670716031159,3.9225741869211195,3.9222555172267217,0.05631543775089085,0.055842627249658106,0.05320400534197688,0.052541406489908696,0.05643735080957413,0.05596907064318657,0.05324501171708107,0.05259350314736366,0.9470029447972774,0.8307771328464151,0.6186697312258184,0.7862354402989149,0.9467274272089521,0.8406643920344085,0.6226606329379998,0.7844130771207105,0.9553508758544922,0.811211109161377,0.873843789100647,0.6173693537712097,0.4658903479576111,0.610274612903595,0.7040939331054688,0.6295482516288757,0.8939133882522583,0.5428168773651123,0.977576732635498,0.6316539645195007,0.11942819505929947,0.8840368390083313,0.4080483913421631,0.2587117850780487,0.6015165448188782,0.3425753712654114,0.39638495445251465
33,4.347526655495167,0.37820392560213806,1.5822671829909085,0.324741666810587,0.7898311082646251,0.8582506207749248,4.878364073819127,0.5082870864222202,1.7896197905094164,0.4186313376197674,0.8180282221639098,0.8804931576028833,0.6253425478935242,0.3813458502665162,1.2978344614803792,8192.0,0.52236740230117,0.5925720700342667,0.7827542114257813,0.8145800059652094,0.712508641667664,0.6986143685914026,0.4226677410490811,0.43551503988028745,0.6420243256725371,0.6235261861913897,0.7953722036769614,0.7936215766618404,0.05466254314174876,0.05475814640522003,0.324213932939181,0.3270057876757283,3.9193729355931284,3.9133395162122,0.05658050381578505,0.05611730589531362,0.053311746157705786,0.05264061669819057,0.05671399459242821,0.05625402182340622,0.053377822041511536,0.052686747163534164,0.9457152931764722,0.8316458891332149,0.6196368217281997,0.7844908106699586,0.9448130182151137,0.8372967379727387,0.6102719102880637,0.7821046401714457,0.9540673494338989,0.8064490556716919,0.8836118578910828,0.5894977450370789,0.46846750378608704,0.6110960841178894,0.6970071792602539,0.6342667937278748,0.8971506953239441,0.5462132692337036,0.9777799844741821,0.5902989506721497,0.09562386572360992,0.8856668472290039,0.45340460538864136,0.39892008900642395,0.7176255583763123,0.26886287331581116,0.40549877285957336
34,4.339209990948438,0.37677364718168976,1.5802482978627086,0.32202383150346575,0.7879011138528585,0.8566895589604974,4.892307867557545,0.506222066841102,1.796167345322999,0.4182174692453422,0.8198209180326884,0.8817557174290342,0.6276887059211731,0.3834724632650614,1.2497926585376262,15626.24,0.52236740230117,0.5471183413575436,0.7827542114257813,0.8025052676647167,0.7130140499398112,0.6996198776613902,0.42216985911130905,0.43522792144361977,0.6426309980452061,0.624008320382076,0.7936625542398542,0.7915953533916638,0.05484459009952843,0.05493167322129011,0.32546475299680316,0.31952126695982946,3.9159886918962004,3.915420330216732,0.056836127545684574,0.056386409625411034,0.053423544699326156,0.05273227852769196,0.05694938823580742,0.056514449417591095,0.05348610877990723,0.052776746451854706,0.9452815965563058,0.8301765600591898,0.6197159008309245,0.7794761595129966,0.9471871246551645,0.8283184270553401,0.6172240830113735,0.773651778844777,0.9534277319908142,0.807344377040863,0.8782454133033752,0.6060286164283752,0.48912057280540466,0.6209511756896973,0.7062246203422546,0.6322792172431946,0.8965020775794983,0.5476341843605042,0.9769212603569031,0.6128226518630981,0.1102367416024208,0.8865879774093628,0.521071195602417,0.32848262786865234,0.6406762003898621,0.3082207441329956,0.40330812335014343
35,4.330068092644215,0.37554888866841796,1.5779051166772842,0.31917460612021387,0.7852557941898703,0.8550832565501332,4.938253456735846,0.5105265023673109,1.8186899938900483,0.4192234107426235,0.8187335435980059,0.8816500560109839,0.605449378490448,0.3583248995430768,1.1792387929558754,16384.0,0.52236740230117,0.5570060839793952,0.7827542114257813,0.8059376683728449,0.7134758643433452,0.7052037799593263,0.4217776557803154,0.4291551582918966,0.6432820660993457,0.6312050797375552,0.7920748987561091,0.79148579359495,0.05501366865355521,0.0551032368093729,0.32834362665118483,0.3226944233974816,3.9163059283792974,3.9152250847792978,0.05706072924658656,0.056641442654654386,0.053529334608465436,0.05282316810451448,0.057179998606443405,0.05677326023578644,0.053578611463308334,0.05288107693195343,0.9443247821182013,0.8275438467785716,0.6194315957836807,0.7769993703439831,0.9461321927643762,0.8311577117795428,0.6189434979055902,0.7697097719302906,0.9519163370132446,0.8023467659950256,0.8807968497276306,0.573860228061676,0.46958860754966736,0.6139848232269287,0.704717755317688,0.6394562721252441,0.8957412838935852,0.5347821712493896,0.9770396947860718,0.6235710978507996,0.06918825209140778,0.8817206621170044,0.46059921383857727,0.20313024520874023,0.6207380890846252,0.1954217404127121,0.40493813157081604
36,4.322892202883959,0.3740733309276402,1.576320960484445,0.31677344743162394,0.7815761415287852,0.8534768337011337,4.8984390820188475,0.5092548251592467,1.7995674783373115,0.4190016842534389,0.8172691699319286,0.8803024264098388,0.6367512941360474,0.3535615050047636,1.1907845368981362,16384.0,0.52236740230117,0.5448401283307616,0.7827542114257813,0.8123220058497537,0.7140789449587465,0.7023072235396343,0.42113397480919956,0.4325821263155914,0.6439817054197192,0.6284501333835677,0.7910359618999064,0.7923133551817516,0.0551758432155475,0.05524591263383627,0.3326945243058301,0.3394413746066671,3.9140280839800834,3.9189784802826755,0.057282060161232946,0.05688231396488845,0.05362352831289172,0.05291547042317688,0.0573887936770916,0.05698395520448685,0.053662337362766266,0.052948564291000366,0.9428581420332194,0.827546822950244,0.6193322839587927,0.7744065986573696,0.9404509816263696,0.8291551403224174,0.622863624410089,0.7767836743681301,0.9492154121398926,0.796011745929718,0.880142331123352,0.5821453332901001,0.48537394404411316,0.610310971736908,0.7025145292282104,0.6317327618598938,0.8949865102767944,0.5452665090560913,0.9771397113800049,0.6387031078338623,0.1522131860256195,0.8955428600311279,0.63759845495224,0.3196760416030884,0.6885215044021606,0.3051401376724243,0.40603941679000854
37,4.315189759284258,0.3730521796364337,1.5744244461134076,0.31448174743913115,0.779020288810134,0.8518591225892306,4.935286930629185,0.5090296035036078,1.8168705927914586,0.4203411370809442,0.8141664253373452,0.8812046181685819,0.6230037808418274,0.34475487483665346,1.1323483596742152,16384.0,0.52236740230117,0.5593600337361467,0.7827542114257813,0.804744025169335,0.7145835063979029,0.704453675470916,0.42058828288689254,0.43124154393602476,0.644633231908083,0.6317060356363288,0.7894494875986129,0.7876384304515247,0.05532357139047235,0.055398098193109035,0.33650781243119565,0.3374586257429461,3.9150944338738918,3.9109671550431275,0.057491404535248876,0.0570912860147655,0.05370834701694548,0.05300324799492955,0.05759542062878609,0.057202063500881195,0.05375440791249275,0.05304050073027611,0.9415548656880856,0.827199150621891,0.6174794942140579,0.7715644398704171,0.9412196566318644,0.825842218152408,0.6155768296695108,0.7679150173523156,0.9511821866035461,0.7984087467193604,0.8804542422294617,0.5904128551483154,0.4861923158168793,0.6281480193138123,0.7110006809234619,0.6334289908409119,0.8970463871955872,0.5458687543869019,0.97803795337677,0.5910325050354004,0.08361072838306427,0.8809614777565002,0.5467399954795837,0.24230149388313293,0.6156551837921143,0.3580039441585541,0.4185853898525238
38,4.308519609868527,0.37186775808222594,1.5730667109787464,0.3121729005686939,0.77619530338794,0.8502132940292358,4.9065604867606325,0.5163529855864388,1.8041107076142222,0.41965397362932194,0.8132285280474301,0.8786851070784583,0.6288949847221375,0.3315092173218727,1.080316791087389,16384.0,0.52236740230117,0.5697223003494916,0.7827542114257813,0.8038372171336207,0.7152346654981375,0.6983529010723377,0.4199223385564983,0.4369524420775803,0.6454669495299459,0.6224067124533535,0.7883197218459099,0.7892470544415154,0.0554677159502171,0.05553433112800121,0.3387061066339239,0.33712287425256704,3.9137500743567943,3.9122774976814907,0.05769061874598265,0.057301701810210943,0.05379118762910366,0.05308735561557114,0.05778900906443596,0.057401906698942184,0.05382547527551651,0.0531209334731102,0.9408068854734302,0.826013739593327,0.617534375526011,0.7689238867908716,0.9412767979605444,0.8283716106943309,0.6207551718345417,0.7665846372766448,0.9512119889259338,0.8020595908164978,0.8772395253181458,0.5881587862968445,0.4754619598388672,0.6259939670562744,0.7121729850769043,0.6347559094429016,0.8952686190605164,0.5439304113388062,0.9774008393287659,0.6467820405960083,0.12135614454746246,0.8900030851364136,0.5925967693328857,0.25774237513542175,0.5918726921081543,0.3428936004638672,0.42210426926612854
39,4.3027772323787215,0.3711484478414059,1.5716764336079359,0.3102804966177791,0.7745597023144364,0.8491438725590705,4.9364502347748855,0.5179393682720626,1.81728901240626,0.4217419945107305,0.8155202431044555,0.8801302058356149,0.6245793104171753,0.3417077688500285,1.0753306460380554,31252.48,0.52236740230117,0.546024698892544,0.7827542114257813,0.8070801983913177,0.7154180051758885,0.7030562963978998,0.41978474693372847,0.43178899586200714,0.6457085121795535,0.6277987403529031,0.7876462945807725,0.7872959546047479,0.05559278654167429,0.0556515334174037,0.3400945701333572,0.3417918111123096,3.913245821893215,3.9123632796292234,0.05786193505860865,0.057494206288829446,0.05386145253665745,0.053153552282601595,0.0579402782022953,0.0575820654630661,0.05389728397130966,0.053186506032943726,0.9402955448627472,0.8256438004970551,0.6169429221749305,0.7677029107883573,0.9396574720373294,0.8299728595270899,0.6137205249276655,0.7658329619269065,0.9498062133789062,0.7950982451438904,0.8793625235557556,0.561992883682251,0.4798943102359772,0.60667484998703,0.7177788615226746,0.6398863196372986,0.8968716263771057,0.5346763134002686,0.9777357578277588,0.6356794834136963,0.1540057361125946,0.8851954340934753,0.5840690732002258,0.23084597289562225,0.587123692035675,0.3371579647064209,0.4131518602371216
40,4.297958924472332,0.3704953173920512,1.570611010529101,0.30865608987398446,0.7733817486092448,0.8480808055400848,4.946127140463279,0.5155081282842335,1.823329585819996,0.42047367945974096,0.8118643627084535,0.8789942895837606,0.6144898533821106,0.33950451713055374,1.0538787510991097,32768.0,0.52236740230117,0.563764577465398,0.7827542114257813,0.8065582425723522,0.7158093515038491,0.7054829800070213,0.41930982552468776,0.428821610552924,0.6461599047854543,0.6314266015743387,0.7869386816909537,0.7878402200862399,0.05570407334016636,0.055751167237758636,0.3430257746765079,0.3401602049385149,3.9136144056916238,3.913725519415193,0.058010040055960416,0.05766596077941358,0.05392434454523027,0.05321594798006117,0.05807414650917053,0.05773620307445526,0.05394750088453293,0.053246818482875824,0.9392848934978246,0.8250734842941165,0.616825184430927,0.7665711645409465,0.940189862192558,0.8282577891655156,0.6178114049393555,0.7651018240475302,0.9492855072021484,0.7900057435035706,0.8745699524879456,0.5821203589439392,0.4706539511680603,0.622785210609436,0.7019895911216736,0.6285763382911682,0.8963640928268433,0.5526632070541382,0.9777114391326904,0.6384231448173523,0.09447476267814636,0.8845834732055664,0.6141400337219238,0.1845734566450119,0.538284420967102,0.27939409017562866,0.3947080373764038
41,4.293640100359917,0.3697171159926802,1.569648958183825,0.3069913919363171,0.7721080165356398,0.8473507954552769,4.930833637420767,0.5190648836602131,1.815131099646902,0.4218578631874963,0.8114770473224189,0.8787135724070037,0.6247210502624512,0.3347990714199841,1.0298025597631932,32768.0,0.52236740230117,0.5534381624219453,0.7827542114257813,0.8086268232373769,0.7160373083129525,0.7017971275768844,0.4191396440938115,0.4329473569328562,0.6464507637172937,0.6267169668463063,0.7858619990386069,0.7845592024034174,0.055797617512289434,0.05584294442087412,0.34431212336544875,0.3494510070958502,3.913927888572216,3.913461798517575,0.05813412141986191,0.057809044299647214,0.05397742588073015,0.053269878448918465,0.05819990113377571,0.057876039296388626,0.053998347371816635,0.0532974898815155,0.938822437338531,0.8236952932178974,0.6170999809354544,0.7638302846625448,0.9369591633087309,0.8240349530586468,0.6163864204008591,0.7608562728454327,0.9502223134040833,0.7952301502227783,0.8750830292701721,0.599433958530426,0.48757845163345337,0.6129276752471924,0.7112500667572021,0.6426334381103516,0.8965261578559875,0.537325382232666,0.9772148728370667,0.649351179599762,0.07419464737176895,0.8796536326408386,0.529678463935852,0.2915283739566803,0.6392257213592529,0.2920961081981659,0.42854538559913635
42,4.289575515091419,0.3690224867966026,1.5686475886404514,0.30562000882811846,0.7710784985125065,0.8466603249683976,4.950192006937976,0.5216670150093257,1.8235322399973282,0.42401941091262646,0.8119283344945297,0.8791081172785735,0.6189894676208496,0.31882708162069323,0.9734991586208344,18145.28,0.52236740230117,0.5466212316833693,0.7827542114257813,0.8013825815886699,0.7164022251591087,0.7010187782677524,0.4187419805303216,0.4338921081696825,0.6469379672408104,0.6259683599612983,0.7855958692636341,0.7858283106476215,0.05587755276821554,0.05591230560094118,0.3454632697099158,0.3508465911675375,3.9133629608154297,3.9103289836733213,0.05824687372893095,0.05792747276835144,0.054022066304460166,0.053313798271119595,0.058296456933021545,0.057980380952358246,0.05404098704457283,0.0533313974738121,0.9384104298427701,0.8234240089729429,0.6170674775913357,0.7634815606474876,0.9364036618195144,0.8266328040308553,0.6142814844993535,0.7659952922407629,0.9490991234779358,0.7956787347793579,0.8754758834838867,0.5849102735519409,0.4767899513244629,0.6207625269889832,0.6966425776481628,0.6297782063484192,0.8970283269882202,0.5462873578071594,0.9773608446121216,0.6392395496368408,0.07531724870204926,0.8747262358665466,0.625206470489502,0.25549766421318054,0.5967982411384583,0.23838751018047333,0.405813992023468
43,4.286374642103911,0.3687080115266144,1.5679811502993106,0.30449932247400285,0.7705165780335664,0.8459130238741637,4.952771179781759,0.5262790339920909,1.826080805268781,0.4227583478090211,0.8103979464822215,0.8778512171042964,0.6148661375045776,0.3167330776900053,0.9543253344297409,16384.0,0.52236740230117,0.5907636895922604,0.7827542114257813,0.8150105593826971,0.7164956665411591,0.700715642257277,0.4186720554530621,0.4339905887695369,0.6470727720484137,0.625816439026095,0.7850820709764957,0.784572373359955,0.055944001148454846,0.05597542319446802,0.3467403291113021,0.3481906583766584,3.9131504161655903,3.90939020464573,0.05833838310092688,0.058030808558687565,0.05405851222574711,0.05334830070845783,0.05838349834084511,0.05807940661907196,0.05407518893480301,0.05336359888315201,0.9379562878236175,0.8230971264839172,0.6164374796301126,0.7628373899683356,0.9373802849518255,0.8267747332603473,0.6156816595587237,0.7584528156689235,0.949397087097168,0.7928104400634766,0.8730044960975647,0.6038100719451904,0.48612719774246216,0.6115717887878418,0.7014089226722717,0.6300956010818481,0.8957985043525696,0.5346402525901794,0.9776875972747803,0.6116288304328918,0.11686650663614273,0.8819395303726196,0.5068088173866272,0.2312323898077011,0.5756680369377136,0.2968514859676361,0.4051090478897095
44,4.283437326401472,0.36815289372578264,1.5672234914824366,0.3034670639038086,0.7696164270862937,0.8455232859030366,4.945296299281378,0.5245998217701324,1.8210540337515582,0.42455151611067393,0.8126966904830463,0.8786367314496064,0.6271070837974548,0.30899810448288917,0.9544301519542933,16384.0,0.52236740230117,0.5520991567760852,0.7827542114257813,0.8064554148706896,0.7167457469180226,0.7001337847979785,0.41835900558158756,0.43555251850283205,0.6473227049037814,0.6256586278013407,0.7846944500179961,0.7847767138275606,0.05600033191032708,0.0560253607109189,0.3476080651374893,0.34834011795015696,3.912117279469967,3.912119379771754,0.058417087411507966,0.05811946615576744,0.05409079434350133,0.053373979730531575,0.05845127999782562,0.058161310851573944,0.054103925824165344,0.0533849261701107,0.9376407830417156,0.8227450080960989,0.61664565352723,0.76174635540694,0.9373101603808661,0.8247317633605356,0.6139264152261424,0.7631385163426987,0.948572039604187,0.7949028015136719,0.875558078289032,0.5840204358100891,0.4690070152282715,0.6259238719940186,0.6998617649078369,0.6226151585578918,0.8966001272201538,0.5377081036567688,0.9777602553367615,0.6326508522033691,0.17655324935913086,0.8845130801200867,0.6454004645347595,0.22022759914398193,0.6293371915817261,0.28141698241233826,0.41240522265434265
45,4.2810458610951905,0.3676823351625353,1.5666458206251264,0.30267478799447417,0.7695366787910461,0.8450794339552522,4.957954133672668,0.52844500960094,1.827171152007991,0.42466551792151824,0.8119926200124431,0.8789463178277603,0.6214838027954102,0.30093695981428026,0.9183926779776812,16384.0,0.52236740230117,0.579180447926075,0.7827542114257813,0.8087549068657636,0.7168562622740865,0.7001753524312833,0.4182749529927969,0.4349475724650134,0.647504320628941,0.6252476495181398,0.7843559471517801,0.7841285743516654,0.056044122737366704,0.05606319569051266,0.34847430945066066,0.35052472785466277,3.9130466265976427,3.909710578730541,0.058475395375862715,0.05818972087465227,0.054114871425554156,0.053396503273397684,0.058501679450273514,0.05821830406785011,0.05412537604570389,0.053407423198223114,0.937329562343657,0.8221835393458605,0.616673326343298,0.761237360574305,0.9365357502634302,0.8257470558135968,0.6138117720047241,0.7604197193249106,0.9483774304389954,0.7912958264350891,0.8736354112625122,0.5719855427742004,0.480602890253067,0.6142234802246094,0.7151607275009155,0.6331670880317688,0.8942567110061646,0.536779522895813,0.9773291945457458,0.6233692169189453,0.18204261362552643,0.8847460746765137,0.546782374382019,0.21793192625045776,0.5649024844169617,0.3752419054508209,0.37636253237724304
46,4.279195168018341,0.36757474987767635,1.5662338020652533,0.30197156440466644,0.768995617851615,0.8447559970989823,4.948668375391091,0.5216009759991039,1.824003391665191,0.4224070698903699,0.8113765196847211,0.8782545088840823,0.613592803478241,0.3063851871713996,0.918879409506917,16384.0,0.52236740230117,0.5207436742086716,0.7827542114257813,0.8134368746151478,0.7167768272385001,0.7028420729002929,0.4183669137582183,0.43218044510909487,0.6473936320096254,0.6287058251244682,0.7839950127713382,0.7848416168261044,0.056078843160066755,0.056093452498316765,0.3491892276236131,0.3469035623003117,3.9131572626531126,3.9099292802105983,0.05852212112396955,0.05824240826070309,0.05413410739041865,0.05341673586517572,0.058541592210531235,0.05826494097709656,0.054143026471138,0.053424250334501266,0.9370720981061459,0.821895268931985,0.6163451231643557,0.7606675608828664,0.9377521254452579,0.82549684373616,0.6149060111034093,0.7612114870195905,0.9485605955123901,0.7913316488265991,0.8715311884880066,0.5849543809890747,0.4627459645271301,0.6100019216537476,0.7162860035896301,0.6227369904518127,0.8965848684310913,0.5562743544578552,0.9773659706115723,0.616375207901001,0.1212884709239006,0.8886929154396057,0.438461571931839,0.22434304654598236,0.5778325796127319,0.3399900794029236,0.4129052460193634
